0.928254767,0.44857075,1
0.858407248,0.376056787,1
0.09411867,0.414797372,1
0.671261602,0.115297908,1
0.883126077,0.678778235,1
0.540835388,0.321425188,-1
0.715781861,0.365456953,-1
0.646557321,0.330377875,-1
0.617614607,0.03191955,1
0.485841549,0.200031467,1
0.498437633,0.950737615,1
0.204236344,0.67535125,1
0.204484721,0.784471041,1
0.58657258,0.533652112,-1
0.313929377,0.50678445,-1
0.284928623,0.910137895,1
0.400958186,0.587394146,-1
0.304511142,0.366923978,-1
0.25056678,0.76605035,1
0.797524426,0.537507258,-1
0.598269086,0.153600207,1
0.257493158,0.606256892,-1
0.071755275,0.665592881,1
0.162515038,0.736925166,1
0.062089777,0.698980804,1
0.166092805,0.473618021,1
0.550833614,0.813612517,1
0.667774471,0.305722583,-1
0.062757381,0.577818538,1
0.204541941,0.130730812,1
0.413013185,0.128082077,1
0.240705706,0.28504778,1
0.843484753,0.36067245,1
0.226700506,0.190168559,1
0.825724222,0.55193703,1
0.732073476,0.6757928,-1
0.135906967,0.181915046,1
0.501976737,0.087425712,1
0.196411137,0.4416011,1
0.961227914,0.67496622,1
0.284161153,0.545729725,-1
0.696906821,0.777631131,1
0.846495532,0.184048752,1
0.176243757,0.607293696,1
0.889513343,0.472465304,1
0.507300113,0.74942862,-1
0.108681722,0.247848757,1
0.369667932,0.854579507,1
0.514062207,0.298755319,-1
0.287442201,0.914663608,1
0.307893578,0.824368062,1
0.802852278,0.31235507,1
0.495230852,0.322132587,-1
0.063606628,0.480801863,1
0.840517855,0.787769981,1
0.47125653,0.435293307,-1
0.516503876,0.411330656,-1
0.358691766,0.681513614,-1
0.697968784,0.618012685,-1
0.7171318,0.582260722,-1
0.329150201,0.660676352,-1
0.7187107,0.688714897,-1
0.763669588,0.686086022,1
0.51337198,0.967473723,1
0.516755872,0.271643766,-1
0.308725024,0.366659616,-1
0.738141874,0.83535993,1
0.236891901,0.627305415,-1
0.527677203,0.207570338,-1
0.573387393,0.390385879,-1
0.435119545,0.567214467,-1
0.239955734,0.283737531,1
0.094582246,0.453545132,1
0.253296007,0.11187208,1
0.772268955,0.110209764,1
0.536505929,0.743079431,-1
0.068477789,0.325145376,1
0.357535469,0.707524352,-1
0.231204153,0.617147016,-1
0.305256882,0.356337824,-1
0.880403579,0.729591365,1
0.172967945,0.65806751,1
0.964376599,0.630129961,1
0.90181795,0.362188397,1
0.827847483,0.177748653,1
0.786310695,0.560210837,-1
0.059713432,0.400750658,1
0.522376717,0.978829328,1
0.21139479,0.541754872,-1
0.290334107,0.17930539,1
0.135399062,0.483140826,1
0.391425776,0.94354554,1
0.228654961,0.31804069,1
0.101228913,0.437742456,1
0.382993465,0.791506557,1
0.467376695,0.154235281,1
0.052327814,0.47054601,1
0.288821417,0.255280791,1
0.461945949,0.008043095,1
0.304567229,0.457504291,-1
0.13765097,0.424145669,1
0.928194846,0.694217155,1
0.819393373,0.650459429,1
0.425364099,0.191272658,1
0.8582972,0.718721835,1
0.813611243,0.33559562,1
0.604783618,0.835841217,1
0.258017417,0.779133494,1
0.954829014,0.511409019,1
0.137796612,0.620022031,1
0.267550208,0.086253362,1
0.741793482,0.6795508,1
0.804775568,0.434125557,1
0.298240555,0.449926219,-1
0.109372595,0.526942423,1
0.253984827,0.764279084,1
0.630020875,0.416885654,-1
0.251018239,0.542196296,-1
0.554100149,0.614414059,-1
0.87306216,0.379886153,1
0.442505727,0.041775028,1
0.39135491,0.800424653,1
0.462556422,0.698741214,-1
0.372921251,0.254693457,-1
0.609155973,0.047989562,1
0.40571705,0.870310694,1
0.553035539,0.006516612,1
0.972017616,0.502585002,1
0.711140138,0.218363185,1
0.899860868,0.750436806,1
0.664056917,0.535994041,-1
0.448194142,0.629718406,-1
0.688886533,0.379285002,-1
0.714588072,0.240939972,1
0.458844437,0.111909578,1
0.850927445,0.820127744,1
0.022948325,0.574812707,1
0.650222151,0.660088973,-1
0.3887438,0.727711291,-1
0.314160142,0.635403412,-1
0.76064916,0.278174115,1
0.862568904,0.411665484,1
0.124302432,0.749106273,1
0.593153967,0.221831556,-1
0.698099117,0.186325946,1
0.856637763,0.234772612,1
0.617716254,0.870110227,1
0.228284149,0.791553347,1
0.929518988,0.561337516,1
0.133266,0.626108403,1
0.406330365,0.128454028,1
0.0926301,0.532795641,1
0.407555956,0.123470351,1
0.655217554,0.109479269,1
0.811025941,0.562454665,1
0.697595173,0.309753817,-1
0.2283427,0.78020971,1
0.05138344,0.595625605,1
0.56360418,0.175172739,1
0.235643547,0.325271328,1
0.730634592,0.792396596,1
0.859268003,0.696110227,1
0.149102004,0.586735777,1
0.44742509,0.333297418,-1
0.445311734,0.203843708,1
0.699887208,0.738255131,1
0.127607246,0.560103991,1
0.515646571,0.935498289,1
0.027093602,0.471952869,1
0.532070374,0.338233619,-1
0.917835695,0.600249269,1
0.340275558,0.918818872,1
0.273027792,0.059403207,1
0.577065993,0.525275597,-1
0.390963926,0.364314259,-1
0.92390768,0.537879002,1
0.642709253,0.419425866,-1
0.366860957,0.326652419,-1
0.490116951,0.449148007,-1
0.771715758,0.16966871,1
0.593116786,0.669891599,-1
0.798149143,0.469534397,-1
0.49758665,0.772362872,-1
0.62904482,0.146759819,1
0.570420539,0.028274432,1
0.947471073,0.644975263,1
0.428160715,0.676586176,-1
0.783545653,0.364327262,1
0.153438414,0.533243556,1
0.488242451,0.193615818,1
0.746920391,0.642797528,-1
0.443617697,0.786775815,-1
0.564895168,0.123377975,1
0.490798122,0.028161151,1
0.260587061,0.854423299,1
0.411060519,0.946435231,1
0.579193799,0.540234897,-1
0.536398016,0.308802676,-1
0.047198856,0.560020397,1
0.277000369,0.074128974,1
0.446492568,0.750488769,-1
0.574488622,0.129941468,1
0.754275399,0.570991924,-1
0.380158473,0.804337361,1
0.624108018,0.266331505,-1
0.908514942,0.748189326,1
0.724945581,0.514511051,-1
0.675427748,0.120749764,1
0.759752288,0.903502789,1
0.437795169,0.260062993,-1
0.456184385,0.92958216,1
0.412826059,0.539255455,-1
0.200606369,0.11590521,1
0.47328506,0.415991637,-1
0.796203903,0.418907048,1
0.448927826,0.272340204,-1
0.281111984,0.42698768,-1
0.641380704,0.610465676,-1
0.803611134,0.699142957,1
0.730022612,0.395588167,-1
0.765181328,0.309825505,1
0.634164628,0.944720542,1
0.979377003,0.629456032,1
0.604393115,0.718381735,-1
0.681590305,0.324970739,-1
0.486647296,0.498039056,-1
0.278387143,0.175867076,1
0.54627889,0.493505685,-1
0.156044412,0.83626318,1
0.442615989,0.068518302,1
0.457378766,0.049662745,1
0.367581583,0.587108395,-1
0.194877115,0.300097624,1
0.736092594,0.355749495,-1
0.677278932,0.854793775,1
0.432929291,0.419071515,-1
0.334697001,0.05724377,1
0.669327938,0.092847755,1
0.734337106,0.230369834,1
0.56091567,0.198642024,1
0.379997748,0.335877135,-1
0.645413011,0.306674009,-1
0.628180916,0.712474352,-1
0.291279227,0.183532259,1
0.682022312,0.813208031,1
0.369890997,0.258909281,-1
0.297390016,0.277169632,1
0.600178908,0.276569405,-1
0.455751671,0.300608718,-1
0.148636338,0.78839844,1
0.222262485,0.361897791,1
0.593595754,0.456969236,-1
0.109008319,0.543104209,1
0.70611523,0.877194487,1
0.184598489,0.122477275,1
0.858798995,0.328851633,1
0.518257696,0.151504331,1
0.428234174,0.771395392,-1
0.672580214,0.169808061,1
0.764679203,0.73926344,1
0.816771332,0.606089482,1
0.898333117,0.431411576,1
0.760399709,0.81328834,1
0.709025173,0.107551597,1
0.279104084,0.933423155,1
0.986196084,0.541098952,1
0.329559153,0.706171059,-1
0.294087983,0.238061192,1
0.378112649,0.154732223,1
0.740923109,0.705007035,1
0.57915374,0.064868647,1
0.269029104,0.534113409,-1
0.341403609,0.230164013,1
0.366074462,0.940786679,1
0.299822652,0.437783936,-1
0.518218348,0.743942667,-1
0.083149026,0.5813986,1
0.286393942,0.826245499,1
0.567303878,0.152735436,1
0.13904438,0.33568132,1
0.621063083,0.695950375,-1
0.709459332,0.10137095,1
0.482587394,0.654444435,-1
0.419561414,0.270769816,-1
0.308152329,0.829236594,1
0.653557947,0.611546587,-1
0.490565732,0.495353906,-1
0.241826362,0.825287414,1
0.296583508,0.832513873,1
0.245782175,0.66282616,1
0.116348437,0.454390309,1
0.263047418,0.450745251,-1
0.487123455,0.923262571,1
0.272427335,0.753157378,1
0.682136749,0.345211328,-1
0.431871667,0.606810209,-1
0.365010149,0.629611082,-1
0.783738268,0.136220729,1
0.151767355,0.302470542,1
0.23160228,0.583657335,-1
0.737452348,0.385815094,-1
0.694338663,0.918032556,1
0.374571569,0.082739621,1
0.534814982,0.735731572,-1
0.034318215,0.371598841,1
0.616344637,0.660851859,-1
0.347742018,0.136689704,1
0.366332874,0.475745475,-1
0.151485638,0.525843806,1
0.283514683,0.41144081,-1
0.276628765,0.92360623,1
0.47447198,0.114552033,1
0.711951334,0.430635103,-1
0.250275792,0.484775932,-1
0.706980844,0.631537526,-1
0.579947462,0.08214286,1
0.933472636,0.484396433,1
0.278234692,0.072438925,1
0.112233099,0.697558146,1
0.284796725,0.378378463,-1
0.23624613,0.602661679,-1
0.414572735,0.705635778,-1
0.460541244,0.603425085,-1
0.149165186,0.49590538,1
0.812026553,0.626939536,1
0.129888519,0.731958871,1
0.273800544,0.241470863,1
0.908742141,0.244671015,1
0.644512546,0.08301791,1
0.157961586,0.233746727,1
0.648198329,0.831941884,1
0.667481074,0.7298412,-1
0.344335413,0.861386822,1
0.857655854,0.538123795,1
0.842642376,0.248485891,1
0.431758977,0.956030019,1
0.654747891,0.609674176,-1
0.518649656,0.6535872,-1
0.529152385,0.419027803,-1
0.196792726,0.303006164,1
0.745626507,0.297860905,1
0.526992252,0.004485551,1
0.236654081,0.305533291,1
0.374876522,0.620285131,-1
0.340511827,0.376908495,-1
0.477033368,0.966283422,1
0.5103873,0.394712852,-1
0.305075146,0.522771047,-1
0.917223372,0.246278857,1
0.928310124,0.561185328,1
0.794607616,0.824285205,1
0.870616767,0.398022984,1
0.126301494,0.502103612,1
0.427718432,0.399669521,-1
0.498772216,0.64048308,-1
0.794377947,0.170669839,1
0.38092549,0.449769926,-1
0.860016736,0.767159739,1
0.474371576,0.953717678,1
0.310959484,0.525431052,-1
0.885916374,0.707889636,1
0.044897466,0.303263558,1
0.686121768,0.043066129,1
0.654305821,0.600050258,-1
0.319561081,0.400400797,-1
0.130597266,0.359037821,1
0.146909934,0.696187232,1
0.086767744,0.339868712,1
0.541255152,0.645873387,-1
0.200948257,0.817982094,1
0.348894807,0.220512572,1
0.488007337,0.075349555,1
0.228509412,0.322095524,1
0.471479581,0.563935942,-1
0.160507095,0.162484344,1
0.648613846,0.500777495,-1
0.662695174,0.484857894,-1
0.646971773,0.61849025,-1
0.297285304,0.901138641,1
0.503649847,0.998146269,1
0.660424691,0.131198787,1
0.471805113,0.757317012,-1
0.367183295,0.590787526,-1
0.579036762,0.892746157,1
0.361982922,0.35302276,-1
0.6055641,0.624414427,-1
0.129060834,0.170007355,1
0.101680421,0.608165319,1
0.333242589,0.970427735,1
0.151695076,0.583519844,1
0.834815539,0.805524859,1
0.781527628,0.472709054,-1
0.727301931,0.516926243,-1
0.986724626,0.431721037,1
0.658162933,0.187436735,1
0.799333708,0.846398237,1
0.162840321,0.406424502,1
0.799755323,0.388957352,1
0.864824624,0.307215814,1
0.214835266,0.57529741,-1
0.656644007,0.109246217,1
0.546909471,0.53405536,-1
0.613102764,0.603689817,-1
0.831758526,0.258184956,1
0.111491385,0.484993556,1
0.307412533,0.45796526,-1
0.222223135,0.499448483,-1
0.438548351,0.06135628,1
0.815038264,0.75956685,1
0.488187565,0.274198394,-1
0.856672172,0.675715004,1
0.108640464,0.621795262,1
0.381963849,0.754684614,-1
0.538179907,0.171478308,1
0.264219388,0.755502137,1
0.591440138,0.768268063,-1
0.103569354,0.398682667,1
0.170580752,0.277748071,1
0.251759603,0.232624587,1
0.418167778,0.545397163,-1
0.071641579,0.339654632,1
0.050077816,0.566985938,1
0.599941181,0.852774775,1
0.314207593,0.54256847,-1
0.248934644,0.177822556,1
0.669349976,0.941251841,1
0.624149017,0.374548153,-1
0.422377846,0.341915135,-1
0.822862584,0.7378756,1
0.314392546,0.518565047,-1
0.303995399,0.516324839,-1
0.165557033,0.690632703,1
0.61186268,0.427482704,-1
0.371330819,0.343014378,-1
0.824042079,0.690158391,1
0.490275389,0.822320449,1
0.604784979,0.799065029,1
0.037107925,0.32482659,1
0.782045225,0.139243265,1
0.476217181,0.408958594,-1
0.342062272,0.658710003,-1
0.160237861,0.572313857,1
0.53414938,0.379144817,-1
0.291327396,0.150083939,1
0.369322845,0.147512137,1
0.508191754,0.436423899,-1
0.417151278,0.743721033,-1
0.606377282,0.384021872,-1
0.697478582,0.541900275,-1
0.280251594,0.148146594,1
0.692653733,0.282936176,-1
0.820273854,0.747175921,1
0.335180543,0.754069431,1
0.381363686,0.075915561,1
0.84559665,0.682929781,1
0.605643624,0.829586988,1
0.601450156,0.963894142,1
0.493556598,0.147507903,1
0.208394874,0.226880757,1
0.767413001,0.093572467,1
0.968782933,0.416845838,1
0.433344391,0.251451039,-1
0.464330945,0.71775366,-1
0.61523821,0.943662412,1
0.905284623,0.301280911,1
0.463711786,0.502474015,-1
0.146909799,0.1654482,1
0.170284573,0.485725352,1
0.278600306,0.559566922,-1
0.636863715,0.868770488,1
0.462961141,0.482765156,-1
0.888252945,0.790384114,1
0.547674814,0.481267805,-1
0.91280725,0.264731068,1
0.567080029,0.50871331,-1
0.189703873,0.474714972,1
0.187965986,0.739548024,1
0.434800074,0.223785459,-1
0.66889805,0.126384172,1
0.18362502,0.175090493,1
0.134302562,0.263800968,1
0.261538927,0.354640421,-1
0.066100142,0.304723476,1
0.414918553,0.18418034,1
0.654172728,0.862172489,1
0.465637421,0.439050362,-1
0.335874992,0.717633969,-1
0.323215425,0.768638547,1
0.743987437,0.538664338,-1
0.953686786,0.325843794,1
0.509217953,0.465361986,-1
0.794914537,0.468619374,-1
0.825551168,0.615959788,1
0.739215942,0.709017624,1
0.46006556,0.375026707,-1
0.62000608,0.017168314,1
0.891006497,0.710420712,1
0.873575545,0.314770576,1
0.141000751,0.610196214,1
0.37108382,0.302150677,-1
0.634902129,0.844724984,1
0.275008116,0.710845844,1
0.439841731,0.568720244,-1
0.252950511,0.411763131,-1
0.760722588,0.152830493,1
0.450387893,0.471868962,-1
0.488174031,0.252431494,-1
0.562765209,0.095489987,1
0.672416779,0.064646518,1
0.598722487,0.126277835,1
0.625496175,0.488155192,-1
0.463538557,0.477672121,-1
0.314320055,0.259013295,1
0.653910045,0.879778554,1
0.454063042,0.849696295,1
0.46465098,0.181740377,1
0.418359334,0.653986966,-1
0.671570066,0.215229674,1
0.435365487,0.864438653,1
0.498958631,0.744005765,-1
0.840547807,0.473081905,1
0.29769255,0.094005955,1
0.66543426,0.268153518,-1
0.468722705,0.786977805,-1
0.129031028,0.589913449,1
0.058739493,0.484879523,1
0.61556244,0.130792886,1
0.571157361,0.184355556,1
0.537577169,0.143630366,1
0.803633048,0.868551164,1
0.954994809,0.340267244,1
0.84463875,0.258883792,1
0.101563788,0.797217778,1
0.326029295,0.173549217,1
0.269973447,0.32554603,-1
0.668128547,0.95607686,1
0.664160303,0.135473577,1
0.851565027,0.477464626,1
0.339952594,0.696387632,-1
0.237375152,0.338552856,1
0.740653263,0.503647704,-1
0.295825046,0.459300923,-1
0.879110901,0.23103369,1
0.4683822,0.02039939,1
0.391752832,0.594279249,-1
0.53250249,0.804970311,1
0.737976003,0.858082335,1
0.535613662,0.280591028,-1
0.561470781,0.030661374,1
0.086637274,0.621866105,1
0.463567769,0.402166772,-1
0.677685014,0.083280357,1
0.595937441,0.246544816,-1
0.340921632,0.863379503,1
0.649505495,0.87247885,1
0.674500488,0.614375959,-1
0.693362237,0.330365767,-1
0.881781607,0.794613073,1
0.374509973,0.032858979,1
0.374146851,0.018399949,1
0.189387111,0.551228995,1
0.374203718,0.922135104,1
0.320861218,0.550078039,-1
0.144038834,0.50391409,1
0.616612023,0.599583073,-1
0.63255381,0.147064057,1
0.423595566,0.167972782,1
0.598255185,0.966181394,1
0.862925495,0.664260687,1
0.26242214,0.427874012,-1
0.823554599,0.451349475,1
0.842035181,0.234009715,1
0.398977087,0.085274323,1
0.115125007,0.575976316,1
0.57042111,0.24989722,-1
0.413891479,0.435680987,-1
0.890163433,0.701381348,1
0.09234285,0.706224483,1
0.653714858,0.961053455,1
0.729982399,0.704923598,1
0.606954961,0.256332419,-1
0.154259039,0.349910986,1
0.348024713,0.419319564,-1
0.497761116,0.976081112,1
0.37543414,0.021075371,1
0.677220127,0.541231363,-1
0.152174624,0.177118084,1
0.456752945,0.487688919,-1
0.625630098,0.928405923,1
0.627954732,0.954383934,1
0.508359193,0.858013896,1
0.597397676,0.710009213,-1
0.462911867,0.903638049,1
0.776569791,0.287930071,1
0.291242379,0.572361024,-1
0.430116795,0.049879157,1
0.594276738,0.772562681,-1
0.765951097,0.488333432,-1
0.783508625,0.266731438,1
0.036832041,0.337671759,1
0.457188802,0.81878941,1
0.468896589,0.405039814,-1
0.68920936,0.326548423,-1
0.430901958,0.640608561,-1
0.599857713,0.346476659,-1
0.260331645,0.2267043,1
0.436579536,0.938036068,1
0.464740958,0.474475243,-1
0.224673586,0.432497522,-1
0.286384336,0.545450279,-1
0.723038694,0.630575074,-1
0.653217414,0.813030434,1
0.436990217,0.344014645,-1
0.059127884,0.732319713,1
0.732575528,0.561531134,-1
0.497230863,0.971675155,1
0.539037371,0.431947051,-1
0.382142136,0.74189502,-1
0.791743336,0.180210569,1
0.941398418,0.408902929,1
0.477790091,0.429308681,-1
0.890032615,0.648489604,1
0.709627744,0.681236344,-1
0.33212168,0.299158232,-1
0.338291316,0.611568504,-1
0.847393852,0.292972016,1
0.278638129,0.165718634,1
0.622324939,0.298315651,-1
0.856088782,0.670625098,1
0.703802341,0.73510437,1
0.768508019,0.651279991,1
0.785503144,0.200799168,1
0.253416224,0.844196937,1
0.173975181,0.665306209,1
0.109006713,0.670406453,1
0.814732161,0.542149151,1
0.355390407,0.161370008,1
0.782405637,0.329353059,1
0.24459159,0.858864509,1
0.227213831,0.337065076,1
0.26157041,0.855289331,1
0.640878167,0.215022887,1
0.683304958,0.609873475,-1
0.688630782,0.061323779,1
0.766087838,0.183187899,1
0.57657303,0.59954676,-1
0.822215492,0.327306892,1
0.029677228,0.507421855,1
0.25689746,0.933949488,1
0.151565379,0.833280028,1
0.65445168,0.617715074,-1
0.497199119,0.962419077,1
0.210311637,0.762225264,1
0.432662774,0.856595054,1
0.09958731,0.574971616,1
0.63408915,0.497735915,-1
0.631451504,0.713546824,-1
0.471939949,0.65047815,-1
0.707093666,0.428400105,-1
0.351799827,0.552173078,-1
0.258072871,0.57662419,-1
0.723768754,0.802720613,1
0.573372338,0.272279881,-1
0.39866442,0.848616941,1
0.102457317,0.535710105,1
0.669404303,0.036147286,1
0.985878454,0.590432089,1
0.378260483,0.873764669,1
0.11440022,0.620818995,1
0.913109141,0.504866577,1
0.255181176,0.634384739,-1
0.810998785,0.467245123,1
0.569176831,0.593662572,-1
0.514188418,0.345589271,-1
0.436738337,0.404470804,-1
0.73820622,0.803120518,1
0.337961786,0.790814146,1
0.437776362,0.008974193,1
0.938985054,0.278656567,1
0.478957284,0.96018707,1
0.019930695,0.381786987,1
0.217679378,0.624252368,1
0.524925581,0.233878384,-1
0.094268621,0.498053787,1
0.506957723,0.979606532,1
0.500143403,0.532343177,-1
0.44258856,0.399997485,-1
0.846574404,0.34308232,1
0.579045368,0.096008055,1
0.447860285,0.729672477,-1
0.818429337,0.498449576,1
0.812823255,0.777149566,1
0.190435913,0.273483544,1
0.723448044,0.320922342,-1
0.564939044,0.195009488,1
0.937372955,0.71829031,1
0.596253866,0.425121782,-1
0.487247295,0.758120654,-1
0.957821799,0.556540943,1
0.329687309,0.962143835,1
0.169352661,0.447541515,1
0.250653639,0.511335455,-1
0.497132547,0.761381337,-1
0.507383475,0.468925404,-1
0.304064853,0.43353526,-1
0.471791235,0.644001472,-1
0.611902481,0.688133934,-1
0.094692916,0.767529357,1
0.587098143,0.53042064,-1
0.665256441,0.390843131,-1
0.918345472,0.716106157,1
0.25557583,0.169943502,1
0.622263922,0.301783916,-1
0.857782516,0.285350004,1
0.276963271,0.062805284,1
0.874658749,0.459460364,1
0.673225941,0.325230833,-1
0.482529605,0.464172941,-1
0.716771785,0.730355496,1
0.516425605,0.114215923,1
0.148949926,0.543155959,1
0.272028863,0.808600772,1
0.591508096,0.881699805,1
0.703947793,0.4032018,-1
0.307483879,0.953196898,1
0.884786614,0.692298321,1
0.776123764,0.664478912,1
0.899014659,0.584892076,1
0.661605366,0.419014606,-1
0.944274653,0.513247948,1
0.657837157,0.295169981,-1
0.561380108,0.066184965,1
0.253632679,0.80028148,1
0.126317323,0.782471699,1
0.573512255,0.061475002,1
0.471938655,0.61567953,-1
0.586354544,0.552533648,-1
0.875092245,0.796586202,1
0.750167882,0.612705452,-1
0.675711335,0.232523593,1
0.722730162,0.927061058,1
0.177598848,0.458180379,1
0.521783516,0.754726398,-1
0.480489014,0.45240095,-1
0.521971751,0.817070822,1
0.331454871,0.448046602,-1
0.557317156,0.234842635,-1
0.166241981,0.814469355,1
0.8499106,0.394258732,1
0.697529732,0.477912925,-1
0.598362623,0.3301072,-1
0.378329052,0.222673238,1
0.500464559,0.248328355,-1
0.390224298,0.917651224,1
0.70702858,0.397718305,-1
0.325929527,0.824030077,1
0.979336804,0.624681851,1
0.25534492,0.282034338,1
0.612089419,0.337079328,-1
0.707530343,0.285838841,-1
0.613828922,0.223195386,-1
0.127455642,0.369772399,1
0.634801269,0.220729622,1
0.468115981,0.423975481,-1
0.086425075,0.443815649,1
0.107156784,0.236951787,1
0.693577195,0.795038558,1
0.300026515,0.077556821,1
0.307573895,0.201628912,1
0.346342423,0.671954547,-1
0.227626697,0.30651541,1
0.969760723,0.426666331,1
0.967039444,0.516176288,1
0.540241715,0.500814518,-1
0.967339897,0.597448548,1
0.784327273,0.264277785,1
0.769861287,0.506228188,-1
0.237888653,0.638328245,-1
0.807830905,0.800730967,1
0.932667499,0.311128105,1
0.876077902,0.389809906,1
0.389238285,0.288350107,-1
0.220687107,0.910568221,1
0.572584149,0.177608631,1
0.214253326,0.553195077,-1
0.475795924,0.175793876,1
0.576657081,0.345961693,-1
0.38523379,0.532894258,-1
0.661268315,0.962918552,1
0.676435583,0.743872607,1
0.065391651,0.553504705,1
0.207457187,0.708181516,1
0.39388455,0.854525223,1
0.040285728,0.495953787,1
0.189958292,0.474879159,1
0.52495247,0.345861898,-1
0.333817274,0.841152267,1
0.499896854,0.943278814,1
0.432615019,0.868825595,1
0.284481995,0.425549158,-1
0.645461049,0.864597868,1
0.270127153,0.350168737,-1
0.264859641,0.30096912,1
0.922356647,0.756838827,1
0.518116284,0.100641852,1
0.583505344,0.93960181,1
0.491167957,0.337448456,-1
0.572247561,0.890856626,1
0.48901056,0.408003043,-1
0.278888561,0.93637656,1
0.366829691,0.330996687,-1
0.765736643,0.488603494,-1
0.555034205,0.697822368,-1
0.460246865,0.604175852,-1
0.494317109,0.405120778,-1
0.778208908,0.495825808,-1
0.534612261,0.095740598,1
0.827443864,0.498930955,1
0.562015831,0.365123882,-1
0.464895674,0.870971205,1
0.460882498,0.51559389,-1
0.966318326,0.331997177,1
0.611559606,0.420410721,-1
0.688139204,0.945278402,1
0.512082195,0.677790278,-1
0.564140552,0.549074752,-1
0.278989163,0.441852983,-1
0.655965154,0.315000242,-1
0.577291522,0.141682221,1
0.828741563,0.404965475,1
0.329374909,0.629092513,-1
0.557773578,0.694776659,-1
0.146217791,0.580622936,1
0.823270632,0.64112466,1
0.779626352,0.74769292,1
0.061862408,0.308547508,1
0.216181545,0.792658334,1
0.199206211,0.746059787,1
0.494657068,0.953260955,1
0.170208182,0.641435734,1
0.473531305,0.913343131,1
0.383975687,0.983326552,1
0.745384784,0.677372262,1
0.25950053,0.475464935,-1
0.567213996,0.877946459,1
0.576742879,0.125515785,1
0.73393587,0.434275196,-1
0.765057797,0.173778475,1
0.624273212,0.282677359,-1
0.804165189,0.687629667,1
0.162666475,0.288692745,1
0.871463428,0.776716391,1
0.315357519,0.121179654,1
0.201548322,0.663921961,1
0.923964004,0.387411763,1
0.806123616,0.804035279,1
0.654199082,0.259276495,-1
0.407081548,0.817922713,1
0.60533223,0.056033136,1
0.517353983,0.518676547,-1
0.253464721,0.625563686,-1
0.25724013,0.697515709,1
0.618894395,0.715720058,-1
0.230699691,0.625997494,-1
0.672235039,0.285450511,-1
0.614571151,0.855457763,1
0.650752098,0.585989382,-1
0.429615219,0.030425492,1
0.97513843,0.55658289,1
0.087492189,0.432282775,1
0.08371949,0.725106336,1
0.449825652,0.75845359,-1
0.353625697,0.220191169,1
0.16547454,0.57547902,1
0.715172087,0.531512339,-1
0.919342683,0.641845673,1
0.183110309,0.131666191,1
0.453900505,0.731136077,-1
0.941751483,0.629958749,1
0.562153402,0.346041494,-1
0.214770468,0.859587198,1
0.580552877,0.652002717,-1
0.145948239,0.320067345,1
0.699126123,0.823037054,1
0.254789769,0.352756776,-1
0.587661557,0.8326881,1
0.495311347,0.980172774,1
0.517784424,0.859037158,1
0.555371912,0.40963607,-1
0.641180132,0.734129116,-1
0.691828293,0.637451638,-1
0.645666607,0.682209857,-1
0.457559952,0.280256714,-1
0.890397699,0.59045777,1
0.682335306,0.661688796,-1
0.718865079,0.74383288,1
0.154288611,0.175546548,1
0.307083196,0.564036578,-1
0.430658023,0.872230225,1
0.300528892,0.667515375,-1
0.545051519,0.605930311,-1
0.481402695,0.54876653,-1
0.348539466,0.610719385,-1
0.858779716,0.192022323,1
0.308292326,0.708166139,-1
0.524355338,0.451662813,-1
0.169263792,0.716494274,1
0.791940683,0.410158606,1
0.815577087,0.304261579,1
0.78678895,0.639127202,1
0.749174743,0.068277313,1
0.573040499,0.41762464,-1
0.082109388,0.374171125,1
0.351059375,0.050167513,1
0.522548529,0.731602677,-1
0.790203548,0.846360447,1
0.500593005,0.046179818,1
0.617991996,0.375972243,-1
0.44079011,0.584819088,-1
0.547929146,0.151151549,1
0.858478845,0.699446605,1
0.270134514,0.312656906,-1
0.326143368,0.212965559,1
0.692813218,0.590315914,-1
0.579872561,0.487636863,-1
0.249975817,0.392909921,-1
0.282475575,0.241095812,1
0.505278544,0.920123201,1
0.416279579,0.652940147,-1
0.261573498,0.07817048,1
0.163977151,0.346265447,1
0.983100644,0.526555005,1
0.429057894,0.287139615,-1
0.063588072,0.699760749,1
0.210574305,0.771136284,1
0.555530842,0.492568988,-1
0.590512642,0.978324591,1
0.118166784,0.342001648,1
0.532672632,0.859424404,1
0.513116636,0.200766717,-1
0.442709872,0.395677356,-1
0.075759577,0.736085521,1
0.682727099,0.949234971,1
0.284421175,0.809455963,1
0.131553048,0.696855313,1
0.298950844,0.790187966,1
0.218593056,0.765887485,1
0.502827024,0.73531759,-1
0.098556217,0.668841178,1
0.362020103,0.218138677,1
0.074415126,0.724098638,1
0.334961109,0.284601096,-1
0.199107686,0.153430923,1
0.29536157,0.695298539,-1
0.956843997,0.598415372,1
0.481667813,0.79577796,-1
0.432399774,0.569409291,-1
0.874446213,0.302284956,1
0.72989396,0.838896027,1
0.568760835,0.046106795,1
0.303190598,0.60135258,-1
0.940368136,0.434308639,1
0.119577157,0.290094747,1
0.225350498,0.488932467,-1
0.458305277,0.409586409,-1
0.675154053,0.682212374,-1
0.814874332,0.254551517,1
0.743032123,0.288394347,1
0.805876575,0.528072286,1
0.385295432,0.821644893,1
0.805885351,0.348213909,1
0.370002868,0.524452532,-1
0.505533374,0.996812399,1
0.834411996,0.69836584,1
0.805532258,0.356733624,1
0.389997611,0.244805865,-1
0.481265731,0.409416865,-1
0.947220713,0.576899197,1
0.353823325,0.203282913,1
0.468885662,0.232550545,-1
0.892911745,0.685713479,1
0.596297986,0.046081733,1
0.079742779,0.407453713,1
0.834359397,0.238373237,1
0.590832033,0.231761519,-1
0.116905375,0.41274442,1
0.727088539,0.365955886,-1
0.520974563,0.963571594,1
0.600674861,0.931097243,1
0.646603539,0.608019353,-1
0.168474026,0.827422939,1
0.787019348,0.34385624,1
0.529859965,0.114146564,1
0.364613875,0.716260714,-1
0.146806489,0.15527805,1
0.814987461,0.33543388,1
0.918802095,0.516161515,1
0.363177415,0.194168546,1
0.49100246,0.350476301,-1
0.076235056,0.617051042,1
